{"cameraMode":{"drawMode":0,"name":"Shaded","section":"Shading Mode"},"sceneLighting":true,"audioPlay":false,"sceneViewState":{"m_AlwaysRefresh":false,"showFog":true,"showSkybox":true,"showFlares":true,"showImageEffects":true,"showParticleSystems":true,"showVisualEffectGraphs":true,"m_FxEnabled":true},"in2DMode":false,"pivot":{"x":-16.26190948486328,"y":-4.736825942993164,"z":3.6487693786621095},"rotation":{"x":0.17154423892498017,"y":0.33252689242362978,"z":-0.061647288501262668,"w":0.9253120422363281},"size":21.133766174316408,"orthographic":false}